URL	Question	Option A	Option B	Option C	Option D	Prompt	GT	GenR
https://attack.mitre.org/techniques/T1134/	Which threat group has utilized JuicyPotato to abuse the SeImpersonate token privilege for privilege escalation as documented in MITRE ATT&CK technique T1134?	Blue Mockingbird	C0135	APT41	BlackCat	You are given a multiple-choice question (MCQ) from a Cyber Threat Intelligence (CTI) knowledge benchmark dataset. Your task is to choose the best option among the four provided. Return your answer as a single uppercase letter: A, B, C, or D.  **Question:** Which threat group has utilized JuicyPotato to abuse the SeImpersonate token privilege for privilege escalation as documented in MITRE ATT&CK technique T1134?  **Options:** A) Blue Mockingbird B) C0135 C) APT41 D) BlackCat  **Important:** The last line of your answer should contain only the single letter corresponding to the best option, with no additional text. 	A	D
https://attack.mitre.org/techniques/T1517/	During a security assessment, you found that an application was granted access to the NotificationListenerService. What detection source and data component should you review to vet applications requesting this privilege?	Application Logs - Audit Logs	Process Monitoring - Network Traffic	User Interface - System Settings	Application Vetting - Permissions Requests	You are given a multiple-choice question (MCQ) from a Cyber Threat Intelligence (CTI) knowledge benchmark dataset. Your task is to choose the best option among the four provided. Return your answer as a single uppercase letter: A, B, C, or D.  **Question:** During a security assessment, you found that an application was granted access to the NotificationListenerService. What detection source and data component should you review to vet applications requesting this privilege?  **Options:** A) Application Logs - Audit Logs B) Process Monitoring - Network Traffic C) User Interface - System Settings D) Application Vetting - Permissions Requests  **Important:** The last line of your answer should contain only the single letter corresponding to the best option, with no additional text. 	D	B
https://attack.mitre.org/techniques/T1645/	What might be a suitable mitigation technique for detecting unauthorized modifications to the system partition, according to the MITRE ATT&CK framework?	Attestation	Lock Bootloader	Security Updates	System Partition Integrity	You are given a multiple-choice question (MCQ) from a Cyber Threat Intelligence (CTI) knowledge benchmark dataset. Your task is to choose the best option among the four provided. Return your answer as a single uppercase letter: A, B, C, or D.  **Question:** What might be a suitable mitigation technique for detecting unauthorized modifications to the system partition, according to the MITRE ATT&CK framework?  **Options:** A) Attestation B) Lock Bootloader C) Security Updates D) System Partition Integrity  **Important:** The last line of your answer should contain only the single letter corresponding to the best option, with no additional text. 	A	C
https://cwe.mitre.org/data/definitions/1395.html	When considering the potential consequences of CWE-1395, which factor most significantly influences the impact of vulnerabilities in third-party components?	The specific language used	The operating system class	The criticality of privilege levels and features	The type of technology used	You are given a multiple-choice question (MCQ) from a Cyber Threat Intelligence (CTI) knowledge benchmark dataset. Your task is to choose the best option among the four provided. Return your answer as a single uppercase letter: A, B, C, or D.  **Question:** When considering the potential consequences of CWE-1395, which factor most significantly influences the impact of vulnerabilities in third-party components?  **Options:** A) The specific language used B) The operating system class C) The criticality of privilege levels and features D) The type of technology used  **Important:** The last line of your answer should contain only the single letter corresponding to the best option, with no additional text. 	C	D
https://attack.mitre.org/techniques/T1134/002/	Under MITRE ATT&CK ID T1134.002, which malware can call WTSQueryUserToken and CreateProcessAsUser to start a new process with local system privileges?	Azorult	Bankshot	KONNI	PipeMon	You are given a multiple-choice question (MCQ) from a Cyber Threat Intelligence (CTI) knowledge benchmark dataset. Your task is to choose the best option among the four provided. Return your answer as a single uppercase letter: A, B, C, or D.  **Question:** Under MITRE ATT&CK ID T1134.002, which malware can call WTSQueryUserToken and CreateProcessAsUser to start a new process with local system privileges?  **Options:** A) Azorult B) Bankshot C) KONNI D) PipeMon  **Important:** The last line of your answer should contain only the single letter corresponding to the best option, with no additional text. 	A	B
https://attack.mitre.org/techniques/T1136/001/	What mitigation is recommended by MITRE ATT&CK to limit account creation activities associated with technique T1136.001?	Enable Secure Boot	Use Anti-virus Software	Enable Multi-factor Authentication	Whitelist Applications	You are given a multiple-choice question (MCQ) from a Cyber Threat Intelligence (CTI) knowledge benchmark dataset. Your task is to choose the best option among the four provided. Return your answer as a single uppercase letter: A, B, C, or D.  **Question:** What mitigation is recommended by MITRE ATT&CK to limit account creation activities associated with technique T1136.001?  **Options:** A) Enable Secure Boot B) Use Anti-virus Software C) Enable Multi-factor Authentication D) Whitelist Applications  **Important:** The last line of your answer should contain only the single letter corresponding to the best option, with no additional text. 	C	D
Diamond Model of Intrusion Analysis_part1.txt	What term does the Diamond Model use to refer to the set of vulnerabilities and exposures of a victim that are susceptible to exploitation?	Critical Vulnerabilities	Exploitable Weaknesses	Victim Susceptibilities	Victim Weak Points	You are given a multiple-choice question (MCQ) from a Cyber Threat Intelligence (CTI) knowledge benchmark dataset. Your task is to choose the best option among the four provided. Return your answer as a single uppercase letter: A, B, C, or D.  **Question:** What term does the Diamond Model use to refer to the set of vulnerabilities and exposures of a victim that are susceptible to exploitation?  **Options:** A) Critical Vulnerabilities B) Exploitable Weaknesses C) Victim Susceptibilities D) Victim Weak Points  **Important:** The last line of your answer should contain only the single letter corresponding to the best option, with no additional text. 	C	D
http://capec.mitre.org/data/definitions/47.html	In the context of CAPEC-47, what primary mistake does the target software make that leads to a buffer overflow?	Incorrectly assumes the size of the expanded parameter	Uses pointers incorrectly in buffer operations	Allocates insufficient memory for the initial parameter	Misunderstands the data format of the input	You are given a multiple-choice question (MCQ) from a Cyber Threat Intelligence (CTI) knowledge benchmark dataset. Your task is to choose the best option among the four provided. Return your answer as a single uppercase letter: A, B, C, or D.  **Question:** In the context of CAPEC-47, what primary mistake does the target software make that leads to a buffer overflow?  **Options:** A) Incorrectly assumes the size of the expanded parameter B) Uses pointers incorrectly in buffer operations C) Allocates insufficient memory for the initial parameter D) Misunderstands the data format of the input  **Important:** The last line of your answer should contain only the single letter corresponding to the best option, with no additional text. 	A	B
https://attack.mitre.org/techniques/T1068/	What group has leveraged CVE-2021-36934 for privilege escalation according to MITRE ATT&CK’s technique T1068?	APT32	APT29	PLATINUM	FIN6	You are given a multiple-choice question (MCQ) from a Cyber Threat Intelligence (CTI) knowledge benchmark dataset. Your task is to choose the best option among the four provided. Return your answer as a single uppercase letter: A, B, C, or D.  **Question:** What group has leveraged CVE-2021-36934 for privilege escalation according to MITRE ATT&CK’s technique T1068?  **Options:** A) APT32 B) APT29 C) PLATINUM D) FIN6  **Important:** The last line of your answer should contain only the single letter corresponding to the best option, with no additional text. 	B	C
https://cwe.mitre.org/data/definitions/776.html	Which potential mitigation technique is recommended during the implementation phase to prevent CWE-776?	Limit the number of recursive calls in the program	Use an XML parser that prohibits DTDs	Use input validation to filter out dangerous characters	Scan for recursive entity declarations before parsing XML files	You are given a multiple-choice question (MCQ) from a Cyber Threat Intelligence (CTI) knowledge benchmark dataset. Your task is to choose the best option among the four provided. Return your answer as a single uppercase letter: A, B, C, or D.  **Question:** Which potential mitigation technique is recommended during the implementation phase to prevent CWE-776?  **Options:** A) Limit the number of recursive calls in the program B) Use an XML parser that prohibits DTDs C) Use input validation to filter out dangerous characters D) Scan for recursive entity declarations before parsing XML files  **Important:** The last line of your answer should contain only the single letter corresponding to the best option, with no additional text. 	D	A
https://attack.mitre.org/techniques/T1567/002/	Which technique ID and full name is associated with exfiltrating data to cloud storage services according to MITRE ATT&CK?	T1567.001: Exfiltration Over Alternative Protocol	T1567.003: Exfiltration Over Web Service: Social Media	T1568: Dynamic Resolution	T1567.002: Exfiltration Over Web Service: Exfiltration to Cloud Storage	You are given a multiple-choice question (MCQ) from a Cyber Threat Intelligence (CTI) knowledge benchmark dataset. Your task is to choose the best option among the four provided. Return your answer as a single uppercase letter: A, B, C, or D.  **Question:** Which technique ID and full name is associated with exfiltrating data to cloud storage services according to MITRE ATT&CK?  **Options:** A) T1567.001: Exfiltration Over Alternative Protocol B) T1567.003: Exfiltration Over Web Service: Social Media C) T1568: Dynamic Resolution D) T1567.002: Exfiltration Over Web Service: Exfiltration to Cloud Storage  **Important:** The last line of your answer should contain only the single letter corresponding to the best option, with no additional text. 	D	A
https://attack.mitre.org/techniques/T1218/015/	MITRE ATT&CK's technique T1218.015 for Electron applications uses which of the following components to display the web content and execute back-end code, respectively?	WebKit engine and Node.js	Chromium engine and WebAssembly	Chromium engine and Node.js	WebKit engine and JavaScript	You are given a multiple-choice question (MCQ) from a Cyber Threat Intelligence (CTI) knowledge benchmark dataset. Your task is to choose the best option among the four provided. Return your answer as a single uppercase letter: A, B, C, or D.  **Question:** MITRE ATT&CK's technique T1218.015 for Electron applications uses which of the following components to display the web content and execute back-end code, respectively?  **Options:** A) WebKit engine and Node.js B) Chromium engine and WebAssembly C) Chromium engine and Node.js D) WebKit engine and JavaScript  **Important:** The last line of your answer should contain only the single letter corresponding to the best option, with no additional text. 	C	C
https://attack.mitre.org/techniques/T0800	Which specific procedure example in the MITRE ATT&CK framework demonstrates the use of 'Activate Firmware Update Mode' to deny device functionality?	Night Dragon	Sandworm Team	Industroyer	Dragonfly	You are given a multiple-choice question (MCQ) from a Cyber Threat Intelligence (CTI) knowledge benchmark dataset. Your task is to choose the best option among the four provided. Return your answer as a single uppercase letter: A, B, C, or D.  **Question:** Which specific procedure example in the MITRE ATT&CK framework demonstrates the use of 'Activate Firmware Update Mode' to deny device functionality?  **Options:** A) Night Dragon B) Sandworm Team C) Industroyer D) Dragonfly  **Important:** The last line of your answer should contain only the single letter corresponding to the best option, with no additional text. 	C	A
https://attack.mitre.org/techniques/T1658/	Which specific example is mentioned in the text for compromising an iPhone running iOS 16.6 without any user interaction?	Pegasus for iOS	Flubot for iOS	Emissary for iOS	Triada for iOS	You are given a multiple-choice question (MCQ) from a Cyber Threat Intelligence (CTI) knowledge benchmark dataset. Your task is to choose the best option among the four provided. Return your answer as a single uppercase letter: A, B, C, or D.  **Question:** Which specific example is mentioned in the text for compromising an iPhone running iOS 16.6 without any user interaction?  **Options:** A) Pegasus for iOS B) Flubot for iOS C) Emissary for iOS D) Triada for iOS  **Important:** The last line of your answer should contain only the single letter corresponding to the best option, with no additional text. 	A	D
https://attack.mitre.org/techniques/T1543/005/	In a Kubernetes environment, what mechanism could an adversary use to ensure containers are deployed on all nodes persistently? (MITRE ATT&CK: T1543.005 - Create or Modify System Process: Container Service)	Usage of Docker run command with --restart=always	Using daemon agents like kubelet	Deployment of DaemonSets	Configuration of containers as Systemd services	You are given a multiple-choice question (MCQ) from a Cyber Threat Intelligence (CTI) knowledge benchmark dataset. Your task is to choose the best option among the four provided. Return your answer as a single uppercase letter: A, B, C, or D.  **Question:** In a Kubernetes environment, what mechanism could an adversary use to ensure containers are deployed on all nodes persistently? (MITRE ATT&CK: T1543.005 - Create or Modify System Process: Container Service)  **Options:** A) Usage of Docker run command with --restart=always B) Using daemon agents like kubelet C) Deployment of DaemonSets D) Configuration of containers as Systemd services  **Important:** The last line of your answer should contain only the single letter corresponding to the best option, with no additional text. 	C	D
https://attack.mitre.org/techniques/T0807	Based on the provided document, during which event did Sandworm Team utilize the MS-SQL server `xp_cmdshell` to execute commands, according to MITRE ATT&CK Technique T0807?	2016 Ukraine Electric Power Attack	2022 Ukraine Electric Power Attack	Industroyer Event	Triton Safety Instrumented System Attack	You are given a multiple-choice question (MCQ) from a Cyber Threat Intelligence (CTI) knowledge benchmark dataset. Your task is to choose the best option among the four provided. Return your answer as a single uppercase letter: A, B, C, or D.  **Question:** Based on the provided document, during which event did Sandworm Team utilize the MS-SQL server `xp_cmdshell` to execute commands, according to MITRE ATT&CK Technique T0807?  **Options:** A) 2016 Ukraine Electric Power Attack B) 2022 Ukraine Electric Power Attack C) Industroyer Event D) Triton Safety Instrumented System Attack  **Important:** The last line of your answer should contain only the single letter corresponding to the best option, with no additional text. 	A	A
https://attack.mitre.org/techniques/T1575/	In the context of MITRE ATT&CK and mobile platforms, which of the following malware families has used native code to disguise its malicious functionality?	Asacub	Bread	TERRACOTTA	CHEMISTGAMES	You are given a multiple-choice question (MCQ) from a Cyber Threat Intelligence (CTI) knowledge benchmark dataset. Your task is to choose the best option among the four provided. Return your answer as a single uppercase letter: A, B, C, or D.  **Question:** In the context of MITRE ATT&CK and mobile platforms, which of the following malware families has used native code to disguise its malicious functionality?  **Options:** A) Asacub B) Bread C) TERRACOTTA D) CHEMISTGAMES  **Important:** The last line of your answer should contain only the single letter corresponding to the best option, with no additional text. 	B	B
GDPR_part0.txt	Under GDPR Article 12, what is the maximum initial response time allowed for controllers to respond to data subjects' requests?	(a) Two weeks	(b) One month	(c) Three months	(d) Six months	You are given a multiple-choice question (MCQ) from a Cyber Threat Intelligence (CTI) knowledge benchmark dataset. Your task is to choose the best option among the four provided. Return your answer as a single uppercase letter: A, B, C, or D.  **Question:** Under GDPR Article 12, what is the maximum initial response time allowed for controllers to respond to data subjects' requests?  **Options:** A) (a) Two weeks B) (b) One month C) (c) Three months D) (d) Six months  **Important:** The last line of your answer should contain only the single letter corresponding to the best option, with no additional text. 	B	B
https://attack.mitre.org/techniques/T1546/010/	What mitigation strategy is recommended to prevent adversaries from abusing AppInit DLLs?	Use Software Restriction Policies	Use Application Control tools like AppLocker	Upgrade to Windows 8 or later and enable secure boot	All of the above.	You are given a multiple-choice question (MCQ) from a Cyber Threat Intelligence (CTI) knowledge benchmark dataset. Your task is to choose the best option among the four provided. Return your answer as a single uppercase letter: A, B, C, or D.  **Question:** What mitigation strategy is recommended to prevent adversaries from abusing AppInit DLLs?  **Options:** A) Use Software Restriction Policies B) Use Application Control tools like AppLocker C) Upgrade to Windows 8 or later and enable secure boot D) All of the above.  **Important:** The last line of your answer should contain only the single letter corresponding to the best option, with no additional text. 	D	C
https://attack.mitre.org/techniques/T1437/001/	Which malware uses Google Cloud Messaging (GCM) for C2 communication?	Rotexy (S0411)	Skygofree (S0327)	Trojan-SMS.AndroidOS.Agent.ao (S0307)	FluBot (S1067)	You are given a multiple-choice question (MCQ) from a Cyber Threat Intelligence (CTI) knowledge benchmark dataset. Your task is to choose the best option among the four provided. Return your answer as a single uppercase letter: A, B, C, or D.  **Question:** Which malware uses Google Cloud Messaging (GCM) for C2 communication?  **Options:** A) Rotexy (S0411) B) Skygofree (S0327) C) Trojan-SMS.AndroidOS.Agent.ao (S0307) D) FluBot (S1067)  **Important:** The last line of your answer should contain only the single letter corresponding to the best option, with no additional text. 	C	C
https://cwe.mitre.org/data/definitions/908.html	Which phase involves explicitly initializing the resource to mitigate CWE-908?	Design	Implementation	Testing	Deployment	You are given a multiple-choice question (MCQ) from a Cyber Threat Intelligence (CTI) knowledge benchmark dataset. Your task is to choose the best option among the four provided. Return your answer as a single uppercase letter: A, B, C, or D.  **Question:** Which phase involves explicitly initializing the resource to mitigate CWE-908?  **Options:** A) Design B) Implementation C) Testing D) Deployment  **Important:** The last line of your answer should contain only the single letter corresponding to the best option, with no additional text. 	B	D
https://attack.mitre.org/techniques/T0816	Considering mitigation strategies for ICS environments, what mitigation ID suggests ensuring remote shutdown commands are disabled if not necessary?	M0807 | Network Allowlists	M0942 | Disable or Remove Feature or Program	M0802 | Communication Authenticity	M0801 | Access Management	You are given a multiple-choice question (MCQ) from a Cyber Threat Intelligence (CTI) knowledge benchmark dataset. Your task is to choose the best option among the four provided. Return your answer as a single uppercase letter: A, B, C, or D.  **Question:** Considering mitigation strategies for ICS environments, what mitigation ID suggests ensuring remote shutdown commands are disabled if not necessary?  **Options:** A) M0807 | Network Allowlists B) M0942 | Disable or Remove Feature or Program C) M0802 | Communication Authenticity D) M0801 | Access Management  **Important:** The last line of your answer should contain only the single letter corresponding to the best option, with no additional text. 	B	B
https://cwe.mitre.org/data/definitions/193.html	Which of the following specific technical impacts are associated with CWE-193 under the ‘Availability’ scope?	Execute Unauthorized Code or Commands	Modify Memory	DoS: Crash, Exit, or Restart	None of the above	You are given a multiple-choice question (MCQ) from a Cyber Threat Intelligence (CTI) knowledge benchmark dataset. Your task is to choose the best option among the four provided. Return your answer as a single uppercase letter: A, B, C, or D.  **Question:** Which of the following specific technical impacts are associated with CWE-193 under the ‘Availability’ scope?  **Options:** A) Execute Unauthorized Code or Commands B) Modify Memory C) DoS: Crash, Exit, or Restart D) None of the above  **Important:** The last line of your answer should contain only the single letter corresponding to the best option, with no additional text. 	C	A
https://cwe.mitre.org/data/definitions/1061.html	When dealing with CWE-1061, which strategy is most effective in mitigating the risk of external components exposing unintended functionality or dependencies?	Utilizing cryptographic algorithms to secure data at rest	Implementing strict access control policies to restrict code access	Encapsulating data structures and methods to limit exposure	Regularly updating and patching the system to ensure latest security measures	You are given a multiple-choice question (MCQ) from a Cyber Threat Intelligence (CTI) knowledge benchmark dataset. Your task is to choose the best option among the four provided. Return your answer as a single uppercase letter: A, B, C, or D.  **Question:** When dealing with CWE-1061, which strategy is most effective in mitigating the risk of external components exposing unintended functionality or dependencies?  **Options:** A) Utilizing cryptographic algorithms to secure data at rest B) Implementing strict access control policies to restrict code access C) Encapsulating data structures and methods to limit exposure D) Regularly updating and patching the system to ensure latest security measures  **Important:** The last line of your answer should contain only the single letter corresponding to the best option, with no additional text. 	C	D
https://attack.mitre.org/techniques/T1049/	Which cyber threat actor used the MAPMAKER tool to print active TCP connections on a local system according to T1049?	APT32	APT38	APT41	BackdoorDiplomacy	You are given a multiple-choice question (MCQ) from a Cyber Threat Intelligence (CTI) knowledge benchmark dataset. Your task is to choose the best option among the four provided. Return your answer as a single uppercase letter: A, B, C, or D.  **Question:** Which cyber threat actor used the MAPMAKER tool to print active TCP connections on a local system according to T1049?  **Options:** A) APT32 B) APT38 C) APT41 D) BackdoorDiplomacy  **Important:** The last line of your answer should contain only the single letter corresponding to the best option, with no additional text. 	B	A
https://attack.mitre.org/techniques/T0858	What data source should be monitored to detect changes in an asset’s operating mode according to MITRE ATT&CK?	Application Log	Network Traffic	Operational Databases	All of the above	You are given a multiple-choice question (MCQ) from a Cyber Threat Intelligence (CTI) knowledge benchmark dataset. Your task is to choose the best option among the four provided. Return your answer as a single uppercase letter: A, B, C, or D.  **Question:** What data source should be monitored to detect changes in an asset’s operating mode according to MITRE ATT&CK?  **Options:** A) Application Log B) Network Traffic C) Operational Databases D) All of the above  **Important:** The last line of your answer should contain only the single letter corresponding to the best option, with no additional text. 	D	D
https://attack.mitre.org/techniques/T1643/	Which mitigation strategy is recommended to handle T1643 (Generate Traffic from Victim) according to MITRE ATT&CK for Mobile?	Restrict Network Traffic	Malware Signature Updating	User Guidance	Application Sandboxing	You are given a multiple-choice question (MCQ) from a Cyber Threat Intelligence (CTI) knowledge benchmark dataset. Your task is to choose the best option among the four provided. Return your answer as a single uppercase letter: A, B, C, or D.  **Question:** Which mitigation strategy is recommended to handle T1643 (Generate Traffic from Victim) according to MITRE ATT&CK for Mobile?  **Options:** A) Restrict Network Traffic B) Malware Signature Updating C) User Guidance D) Application Sandboxing  **Important:** The last line of your answer should contain only the single letter corresponding to the best option, with no additional text. 	C	D
https://attack.mitre.org/techniques/T0889	Which mitigation technique is recommended for ensuring integrity of control logic or programs on a controller in MITRE ATT&CK?	M0800: Authorization Enforcement	M0947: Audit	M0945: Code Signing	M0804: Human User Authentication	You are given a multiple-choice question (MCQ) from a Cyber Threat Intelligence (CTI) knowledge benchmark dataset. Your task is to choose the best option among the four provided. Return your answer as a single uppercase letter: A, B, C, or D.  **Question:** Which mitigation technique is recommended for ensuring integrity of control logic or programs on a controller in MITRE ATT&CK?  **Options:** A) M0800: Authorization Enforcement B) M0947: Audit C) M0945: Code Signing D) M0804: Human User Authentication  **Important:** The last line of your answer should contain only the single letter corresponding to the best option, with no additional text. 	B	C
https://attack.mitre.org/techniques/T1632/001/	Which data source can be used to detect unexpected or unknown Configuration Profiles on iOS devices?	DS0017: Application Log	DS0030: Process Monitoring	DS0042: User Interface	DS0027: Network Traffic Flow	You are given a multiple-choice question (MCQ) from a Cyber Threat Intelligence (CTI) knowledge benchmark dataset. Your task is to choose the best option among the four provided. Return your answer as a single uppercase letter: A, B, C, or D.  **Question:** Which data source can be used to detect unexpected or unknown Configuration Profiles on iOS devices?  **Options:** A) DS0017: Application Log B) DS0030: Process Monitoring C) DS0042: User Interface D) DS0027: Network Traffic Flow  **Important:** The last line of your answer should contain only the single letter corresponding to the best option, with no additional text. 	C	D
https://attack.mitre.org/techniques/T1197/	Which of the following procedures is associated with the use of BITSAdmin to maintain persistence?	Wizard Spider	Leviathan	UBoatRAT	Egregor	You are given a multiple-choice question (MCQ) from a Cyber Threat Intelligence (CTI) knowledge benchmark dataset. Your task is to choose the best option among the four provided. Return your answer as a single uppercase letter: A, B, C, or D.  **Question:** Which of the following procedures is associated with the use of BITSAdmin to maintain persistence?  **Options:** A) Wizard Spider B) Leviathan C) UBoatRAT D) Egregor  **Important:** The last line of your answer should contain only the single letter corresponding to the best option, with no additional text. 	C	D
https://attack.mitre.org/techniques/T1633/001/	To detect the usage of technique T1633.001, which data source and component should application vetting services monitor according to MITRE ATT&CK?	System Logs; Logs	API Calls; Network Traffic	Application Vetting; API Calls	Network Traffic; Application Behavior	You are given a multiple-choice question (MCQ) from a Cyber Threat Intelligence (CTI) knowledge benchmark dataset. Your task is to choose the best option among the four provided. Return your answer as a single uppercase letter: A, B, C, or D.  **Question:** To detect the usage of technique T1633.001, which data source and component should application vetting services monitor according to MITRE ATT&CK?  **Options:** A) System Logs; Logs B) API Calls; Network Traffic C) Application Vetting; API Calls D) Network Traffic; Application Behavior  **Important:** The last line of your answer should contain only the single letter corresponding to the best option, with no additional text. 	C	A
https://attack.mitre.org/techniques/T1216/002/	What is the primary purpose of adversaries using SyncAppvPublishingServer.vbs in the context of MITRE ATT&CK technique T1216.002?	To escalate privileges on a system	To proxy execution of malicious PowerShell commands	To exploit vulnerabilities in system scripts	To exfiltrate sensitive information	You are given a multiple-choice question (MCQ) from a Cyber Threat Intelligence (CTI) knowledge benchmark dataset. Your task is to choose the best option among the four provided. Return your answer as a single uppercase letter: A, B, C, or D.  **Question:** What is the primary purpose of adversaries using SyncAppvPublishingServer.vbs in the context of MITRE ATT&CK technique T1216.002?  **Options:** A) To escalate privileges on a system B) To proxy execution of malicious PowerShell commands C) To exploit vulnerabilities in system scripts D) To exfiltrate sensitive information  **Important:** The last line of your answer should contain only the single letter corresponding to the best option, with no additional text. 	B	C
https://attack.mitre.org/techniques/T1456/	Which mitigation strategy is most effective in addressing exploits used in Drive-By Compromise (T1456)?	Implementing multi-factor authentication	Using advanced encryption protocols	Regularly applying security updates	Deploying honeypots	You are given a multiple-choice question (MCQ) from a Cyber Threat Intelligence (CTI) knowledge benchmark dataset. Your task is to choose the best option among the four provided. Return your answer as a single uppercase letter: A, B, C, or D.  **Question:** Which mitigation strategy is most effective in addressing exploits used in Drive-By Compromise (T1456)?  **Options:** A) Implementing multi-factor authentication B) Using advanced encryption protocols C) Regularly applying security updates D) Deploying honeypots  **Important:** The last line of your answer should contain only the single letter corresponding to the best option, with no additional text. 	C	A
https://cwe.mitre.org/data/definitions/761.html	Which technical impact is *not* directly associated with CWE-761?	Modify Memory	Information Disclosure	Execute Unauthorized Code or Commands	DoS: Crash, Exit, or Restart	You are given a multiple-choice question (MCQ) from a Cyber Threat Intelligence (CTI) knowledge benchmark dataset. Your task is to choose the best option among the four provided. Return your answer as a single uppercase letter: A, B, C, or D.  **Question:** Which technical impact is *not* directly associated with CWE-761?  **Options:** A) Modify Memory B) Information Disclosure C) Execute Unauthorized Code or Commands D) DoS: Crash, Exit, or Restart  **Important:** The last line of your answer should contain only the single letter corresponding to the best option, with no additional text. 	B	A
https://attack.mitre.org/techniques/T0820	An adversary has successfully exploited a firmware RAM/ROM consistency check on a control device. According to T0820: Exploitation for Evasion, which of the following mitigations would be most relevant to prevent future exploits?	Threat Intelligence Program	Application Isolation and Sandboxing	Exploit Protection	Update Software	You are given a multiple-choice question (MCQ) from a Cyber Threat Intelligence (CTI) knowledge benchmark dataset. Your task is to choose the best option among the four provided. Return your answer as a single uppercase letter: A, B, C, or D.  **Question:** An adversary has successfully exploited a firmware RAM/ROM consistency check on a control device. According to T0820: Exploitation for Evasion, which of the following mitigations would be most relevant to prevent future exploits?  **Options:** A) Threat Intelligence Program B) Application Isolation and Sandboxing C) Exploit Protection D) Update Software  **Important:** The last line of your answer should contain only the single letter corresponding to the best option, with no additional text. 	B	C
https://attack.mitre.org/techniques/T1404/	Which mitigation strategy is associated with identifying compromised devices in the context of MITRE ATT&CK Privilege Escalation (T1404) on mobile platforms?	Deploy Anti-Malware Solutions	Deploy Compromised Device Detection Method	Use Multi-Factor Authentication	Implement Network Segmentation	You are given a multiple-choice question (MCQ) from a Cyber Threat Intelligence (CTI) knowledge benchmark dataset. Your task is to choose the best option among the four provided. Return your answer as a single uppercase letter: A, B, C, or D.  **Question:** Which mitigation strategy is associated with identifying compromised devices in the context of MITRE ATT&CK Privilege Escalation (T1404) on mobile platforms?  **Options:** A) Deploy Anti-Malware Solutions B) Deploy Compromised Device Detection Method C) Use Multi-Factor Authentication D) Implement Network Segmentation  **Important:** The last line of your answer should contain only the single letter corresponding to the best option, with no additional text. 	B	D
https://cwe.mitre.org/data/definitions/15.html	In the context of CWE-15, what is the main issue associated with allowing user-provided or otherwise untrusted data to control sensitive values?	Reduced performance	Leverage the attacker gains	Increase in memory usage	Data redundancy	You are given a multiple-choice question (MCQ) from a Cyber Threat Intelligence (CTI) knowledge benchmark dataset. Your task is to choose the best option among the four provided. Return your answer as a single uppercase letter: A, B, C, or D.  **Question:** In the context of CWE-15, what is the main issue associated with allowing user-provided or otherwise untrusted data to control sensitive values?  **Options:** A) Reduced performance B) Leverage the attacker gains C) Increase in memory usage D) Data redundancy  **Important:** The last line of your answer should contain only the single letter corresponding to the best option, with no additional text. 	B	A
https://attack.mitre.org/techniques/T1636/004/	According to the MITRE ATT&CK framework, which mitigation strategy advises users to be cautious when granting SMS access permissions?	Network Segmentation	Malware Reverse Engineering	File Encryption	User Guidance	You are given a multiple-choice question (MCQ) from a Cyber Threat Intelligence (CTI) knowledge benchmark dataset. Your task is to choose the best option among the four provided. Return your answer as a single uppercase letter: A, B, C, or D.  **Question:** According to the MITRE ATT&CK framework, which mitigation strategy advises users to be cautious when granting SMS access permissions?  **Options:** A) Network Segmentation B) Malware Reverse Engineering C) File Encryption D) User Guidance  **Important:** The last line of your answer should contain only the single letter corresponding to the best option, with no additional text. 	D	C
http://capec.mitre.org/data/definitions/77.html	What is a mitigation strategy described for CAPEC-77?	Disable cookies	Use encryption liberally	Isolate the presentation and business logic layers	Reduce script execution time	You are given a multiple-choice question (MCQ) from a Cyber Threat Intelligence (CTI) knowledge benchmark dataset. Your task is to choose the best option among the four provided. Return your answer as a single uppercase letter: A, B, C, or D.  **Question:** What is a mitigation strategy described for CAPEC-77?  **Options:** A) Disable cookies B) Use encryption liberally C) Isolate the presentation and business logic layers D) Reduce script execution time  **Important:** The last line of your answer should contain only the single letter corresponding to the best option, with no additional text. 	C	D
https://attack.mitre.org/techniques/T1628/001/	Which mitigation specifically addresses suppressing application icons in Android versions before Android 10?	M1006 - Use Recent OS Version	M1011 - User Guidance	Disable System Apps	Install a reliable antivirus	You are given a multiple-choice question (MCQ) from a Cyber Threat Intelligence (CTI) knowledge benchmark dataset. Your task is to choose the best option among the four provided. Return your answer as a single uppercase letter: A, B, C, or D.  **Question:** Which mitigation specifically addresses suppressing application icons in Android versions before Android 10?  **Options:** A) M1006 - Use Recent OS Version B) M1011 - User Guidance C) Disable System Apps D) Install a reliable antivirus  **Important:** The last line of your answer should contain only the single letter corresponding to the best option, with no additional text. 	D	B
https://cwe.mitre.org/data/definitions/363.html	Which related attack pattern involves exploiting the vulnerability described in CWE-363?	CAPEC-123	CAPEC-56	CAPEC-76	CAPEC-26	You are given a multiple-choice question (MCQ) from a Cyber Threat Intelligence (CTI) knowledge benchmark dataset. Your task is to choose the best option among the four provided. Return your answer as a single uppercase letter: A, B, C, or D.  **Question:** Which related attack pattern involves exploiting the vulnerability described in CWE-363?  **Options:** A) CAPEC-123 B) CAPEC-56 C) CAPEC-76 D) CAPEC-26  **Important:** The last line of your answer should contain only the single letter corresponding to the best option, with no additional text. 	D	D
https://attack.mitre.org/techniques/T1420/	Which MITRE ATT&CK procedure example can search for specific file types such as .pdf, .doc, and .xls for exfiltration?	S0505 - Desert Scorpion	S0577 - FrozenCell	S0529 - CarbonSteal	C0016 - Operation Dust Storm	You are given a multiple-choice question (MCQ) from a Cyber Threat Intelligence (CTI) knowledge benchmark dataset. Your task is to choose the best option among the four provided. Return your answer as a single uppercase letter: A, B, C, or D.  **Question:** Which MITRE ATT&CK procedure example can search for specific file types such as .pdf, .doc, and .xls for exfiltration?  **Options:** A) S0505 - Desert Scorpion B) S0577 - FrozenCell C) S0529 - CarbonSteal D) C0016 - Operation Dust Storm  **Important:** The last line of your answer should contain only the single letter corresponding to the best option, with no additional text. 	B	C
https://cwe.mitre.org/data/definitions/768.html	When addressing CWE-768, which phase is explicitly mentioned as critical for implementing mitigations?	Requirements gathering	Configuration management	Implementation	Testing	You are given a multiple-choice question (MCQ) from a Cyber Threat Intelligence (CTI) knowledge benchmark dataset. Your task is to choose the best option among the four provided. Return your answer as a single uppercase letter: A, B, C, or D.  **Question:** When addressing CWE-768, which phase is explicitly mentioned as critical for implementing mitigations?  **Options:** A) Requirements gathering B) Configuration management C) Implementation D) Testing  **Important:** The last line of your answer should contain only the single letter corresponding to the best option, with no additional text. 	C	D
https://attack.mitre.org/techniques/T1643/	T1643 (Generate Traffic from Victim) pertains to which MITRE ATT&CK tactic?	Collection	Credential Access	Impact	Execution	You are given a multiple-choice question (MCQ) from a Cyber Threat Intelligence (CTI) knowledge benchmark dataset. Your task is to choose the best option among the four provided. Return your answer as a single uppercase letter: A, B, C, or D.  **Question:** T1643 (Generate Traffic from Victim) pertains to which MITRE ATT&CK tactic?  **Options:** A) Collection B) Credential Access C) Impact D) Execution  **Important:** The last line of your answer should contain only the single letter corresponding to the best option, with no additional text. 	C	D
https://attack.mitre.org/techniques/T0879	Regarding MITRE ATT&CK technique T0879 (Damage to Property) for ICS, which mitigation approach focuses on ensuring devices only communicate with authorized systems?	M0805: Mechanical Protection Layers	M0807: Network Allowlists	M0812: Safety Instrumented Systems	M0809: Secure Network Architectures	You are given a multiple-choice question (MCQ) from a Cyber Threat Intelligence (CTI) knowledge benchmark dataset. Your task is to choose the best option among the four provided. Return your answer as a single uppercase letter: A, B, C, or D.  **Question:** Regarding MITRE ATT&CK technique T0879 (Damage to Property) for ICS, which mitigation approach focuses on ensuring devices only communicate with authorized systems?  **Options:** A) M0805: Mechanical Protection Layers B) M0807: Network Allowlists C) M0812: Safety Instrumented Systems D) M0809: Secure Network Architectures  **Important:** The last line of your answer should contain only the single letter corresponding to the best option, with no additional text. 	B	D
GDPR_part1.txt	What is a key requirement under GDPR Article 15 when a data subject requests access to their personal data?	Provide a list of all third-party recipients of their data.	Provide the data subject with a copy of their personal data and certain specific information.	Inform the data subject about future processing plans.	Delete the data subject's personal data immediately.	You are given a multiple-choice question (MCQ) from a Cyber Threat Intelligence (CTI) knowledge benchmark dataset. Your task is to choose the best option among the four provided. Return your answer as a single uppercase letter: A, B, C, or D.  **Question:** What is a key requirement under GDPR Article 15 when a data subject requests access to their personal data?  **Options:** A) Provide a list of all third-party recipients of their data. B) Provide the data subject with a copy of their personal data and certain specific information. C) Inform the data subject about future processing plans. D) Delete the data subject's personal data immediately.  **Important:** The last line of your answer should contain only the single letter corresponding to the best option, with no additional text. 	B	C
https://attack.mitre.org/techniques/T1426/	What type of information can AbstractEmu collect from a device?	Device location	Model, OS version, serial number, telephone number	Email content	User contacts	You are given a multiple-choice question (MCQ) from a Cyber Threat Intelligence (CTI) knowledge benchmark dataset. Your task is to choose the best option among the four provided. Return your answer as a single uppercase letter: A, B, C, or D.  **Question:** What type of information can AbstractEmu collect from a device?  **Options:** A) Device location B) Model, OS version, serial number, telephone number C) Email content D) User contacts  **Important:** The last line of your answer should contain only the single letter corresponding to the best option, with no additional text. 	B	B
https://attack.mitre.org/techniques/T1531/	Which data component should be monitored to detect unexpected deletions of user accounts associated with T1531 (Account Access Removal) under the tactic of Impact?	Active Directory Object Modification	Process Creation	File Creation	User Account Deletion	You are given a multiple-choice question (MCQ) from a Cyber Threat Intelligence (CTI) knowledge benchmark dataset. Your task is to choose the best option among the four provided. Return your answer as a single uppercase letter: A, B, C, or D.  **Question:** Which data component should be monitored to detect unexpected deletions of user accounts associated with T1531 (Account Access Removal) under the tactic of Impact?  **Options:** A) Active Directory Object Modification B) Process Creation C) File Creation D) User Account Deletion  **Important:** The last line of your answer should contain only the single letter corresponding to the best option, with no additional text. 	D	A
http://capec.mitre.org/data/definitions/48.html	One key prerequisite for a successful CAPEC-48 attack is:	The presence of an open debugging port on the server	The client's software does not differentiate between URL and local file inputs	The use of outdated cryptographic protocols on the server	Weak password policies	You are given a multiple-choice question (MCQ) from a Cyber Threat Intelligence (CTI) knowledge benchmark dataset. Your task is to choose the best option among the four provided. Return your answer as a single uppercase letter: A, B, C, or D.  **Question:** One key prerequisite for a successful CAPEC-48 attack is:  **Options:** A) The presence of an open debugging port on the server B) The client's software does not differentiate between URL and local file inputs C) The use of outdated cryptographic protocols on the server D) Weak password policies  **Important:** The last line of your answer should contain only the single letter corresponding to the best option, with no additional text. 	B	A
http://capec.mitre.org/data/definitions/92.html	Which CWE is most directly associated with the forced integer overflow described in CAPEC-92?	CWE-120	CWE-190	CWE-122	CWE-196	You are given a multiple-choice question (MCQ) from a Cyber Threat Intelligence (CTI) knowledge benchmark dataset. Your task is to choose the best option among the four provided. Return your answer as a single uppercase letter: A, B, C, or D.  **Question:** Which CWE is most directly associated with the forced integer overflow described in CAPEC-92?  **Options:** A) CWE-120 B) CWE-190 C) CWE-122 D) CWE-196  **Important:** The last line of your answer should contain only the single letter corresponding to the best option, with no additional text. 	B	C
https://attack.mitre.org/techniques/T1548/004/	Which of the following mitigation techniques is recommended to reduce the risk associated with T1548.004 on macOS?	Network segmentation to isolate critical systems	Disabling unused system services	Preventing execution of applications not downloaded from the Apple Store	Regularly updating operating systems and applications	You are given a multiple-choice question (MCQ) from a Cyber Threat Intelligence (CTI) knowledge benchmark dataset. Your task is to choose the best option among the four provided. Return your answer as a single uppercase letter: A, B, C, or D.  **Question:** Which of the following mitigation techniques is recommended to reduce the risk associated with T1548.004 on macOS?  **Options:** A) Network segmentation to isolate critical systems B) Disabling unused system services C) Preventing execution of applications not downloaded from the Apple Store D) Regularly updating operating systems and applications  **Important:** The last line of your answer should contain only the single letter corresponding to the best option, with no additional text. 	C	D
https://cwe.mitre.org/data/definitions/468.html	Which mitigation strategy is recommended during the implementation phase for CWE-468?	Refactoring code to a higher-level language	Implementing array indexing instead of direct pointer manipulation	Using dynamic memory allocation techniques	Introducing stricter type-checking mechanisms on function inputs	You are given a multiple-choice question (MCQ) from a Cyber Threat Intelligence (CTI) knowledge benchmark dataset. Your task is to choose the best option among the four provided. Return your answer as a single uppercase letter: A, B, C, or D.  **Question:** Which mitigation strategy is recommended during the implementation phase for CWE-468?  **Options:** A) Refactoring code to a higher-level language B) Implementing array indexing instead of direct pointer manipulation C) Using dynamic memory allocation techniques D) Introducing stricter type-checking mechanisms on function inputs  **Important:** The last line of your answer should contain only the single letter corresponding to the best option, with no additional text. 	B	A
https://attack.mitre.org/techniques/T0848	Which mitigation strategy from the MITRE ATT&CK framework (ICS platform) would help enforce communication authenticity between devices that cannot inherently support it?	M0807, Network Allowlists	M0802, Communication Authenticity	M0937, Filter Network Traffic	M0930, Network Segmentation	You are given a multiple-choice question (MCQ) from a Cyber Threat Intelligence (CTI) knowledge benchmark dataset. Your task is to choose the best option among the four provided. Return your answer as a single uppercase letter: A, B, C, or D.  **Question:** Which mitigation strategy from the MITRE ATT&CK framework (ICS platform) would help enforce communication authenticity between devices that cannot inherently support it?  **Options:** A) M0807, Network Allowlists B) M0802, Communication Authenticity C) M0937, Filter Network Traffic D) M0930, Network Segmentation  **Important:** The last line of your answer should contain only the single letter corresponding to the best option, with no additional text. 	B	B
https://attack.mitre.org/techniques/T1134/005/	Which of the following techniques is associated with the ID T1134.005 in the context of MITRE ATT&CK?	Access Token Manipulation: SID-History Injection	Process Hollowing: Injected Execution	Manipulation of Writing Permissions: ACL-Busting	Remote Access: Credential Dumping	You are given a multiple-choice question (MCQ) from a Cyber Threat Intelligence (CTI) knowledge benchmark dataset. Your task is to choose the best option among the four provided. Return your answer as a single uppercase letter: A, B, C, or D.  **Question:** Which of the following techniques is associated with the ID T1134.005 in the context of MITRE ATT&CK?  **Options:** A) Access Token Manipulation: SID-History Injection B) Process Hollowing: Injected Execution C) Manipulation of Writing Permissions: ACL-Busting D) Remote Access: Credential Dumping  **Important:** The last line of your answer should contain only the single letter corresponding to the best option, with no additional text. 	A	D
https://attack.mitre.org/techniques/T1550/001/	Which tactic does MITRE ATT&CK technique T1550.001 pertain to?	Initial Access	Persistence	Defense Evasion		You are given a multiple-choice question (MCQ) from a Cyber Threat Intelligence (CTI) knowledge benchmark dataset. Your task is to choose the best option among the four provided. Return your answer as a single uppercase letter: A, B, C, or D.  **Question:** Which tactic does MITRE ATT&CK technique T1550.001 pertain to?  **Options:** A) Initial Access B) Persistence C) Defense Evasion D) nan  **Important:** The last line of your answer should contain only the single letter corresponding to the best option, with no additional text. 	C	D
https://attack.mitre.org/techniques/T1082/	Which network device command might adversaries use to obtain system information, particularly version details (MITRE ATT&CK T1082)?	show system	show devices	show version	list version	You are given a multiple-choice question (MCQ) from a Cyber Threat Intelligence (CTI) knowledge benchmark dataset. Your task is to choose the best option among the four provided. Return your answer as a single uppercase letter: A, B, C, or D.  **Question:** Which network device command might adversaries use to obtain system information, particularly version details (MITRE ATT&CK T1082)?  **Options:** A) show system B) show devices C) show version D) list version  **Important:** The last line of your answer should contain only the single letter corresponding to the best option, with no additional text. 	C	C
https://attack.mitre.org/techniques/T0889	What is the primary tactic associated with the MITRE ATT&CK technique T0889?	Defense Evasion	Collection	Credential Access	Persistence	You are given a multiple-choice question (MCQ) from a Cyber Threat Intelligence (CTI) knowledge benchmark dataset. Your task is to choose the best option among the four provided. Return your answer as a single uppercase letter: A, B, C, or D.  **Question:** What is the primary tactic associated with the MITRE ATT&CK technique T0889?  **Options:** A) Defense Evasion B) Collection C) Credential Access D) Persistence  **Important:** The last line of your answer should contain only the single letter corresponding to the best option, with no additional text. 	D	A
https://attack.mitre.org/techniques/T1421/	During which adversarial behavior did PROMETHIUM use StrongPity to collect information regarding available Wi-Fi networks?	A. S0405 (Exodus)	B. S0509 (FakeSpy)	C. C0033	D. S0407 (Monokle)	You are given a multiple-choice question (MCQ) from a Cyber Threat Intelligence (CTI) knowledge benchmark dataset. Your task is to choose the best option among the four provided. Return your answer as a single uppercase letter: A, B, C, or D.  **Question:** During which adversarial behavior did PROMETHIUM use StrongPity to collect information regarding available Wi-Fi networks?  **Options:** A) A. S0405 (Exodus) B) B. S0509 (FakeSpy) C) C. C0033 D) D. S0407 (Monokle)  **Important:** The last line of your answer should contain only the single letter corresponding to the best option, with no additional text. 	C	D
https://cwe.mitre.org/data/definitions/585.html	According to CWE-585, what is the primary risk associated with having an empty synchronized block?	The block will result in a runtime error.	The block may cause a denial-of-service (DoS) attack.	The block ensures exclusive access but does nothing to protect subsequent code from modifications.	The block may prevent the use of other parallel threads.	You are given a multiple-choice question (MCQ) from a Cyber Threat Intelligence (CTI) knowledge benchmark dataset. Your task is to choose the best option among the four provided. Return your answer as a single uppercase letter: A, B, C, or D.  **Question:** According to CWE-585, what is the primary risk associated with having an empty synchronized block?  **Options:** A) The block will result in a runtime error. B) The block may cause a denial-of-service (DoS) attack. C) The block ensures exclusive access but does nothing to protect subsequent code from modifications. D) The block may prevent the use of other parallel threads.  **Important:** The last line of your answer should contain only the single letter corresponding to the best option, with no additional text. 	C	B
https://attack.mitre.org/techniques/T1583/003/	Within the MITRE ATT&CK framework targeting the tactic of Resource Development, which adversary group has utilized VPS hosting providers in targeting their victims? (ID: T1583.003 - Acquire Infrastructure: Virtual Private Server)	G0007 - APT28	G0001 - Axiom	C0032 - TEMP.Veles	G0035 - Dragonfly	You are given a multiple-choice question (MCQ) from a Cyber Threat Intelligence (CTI) knowledge benchmark dataset. Your task is to choose the best option among the four provided. Return your answer as a single uppercase letter: A, B, C, or D.  **Question:** Within the MITRE ATT&CK framework targeting the tactic of Resource Development, which adversary group has utilized VPS hosting providers in targeting their victims? (ID: T1583.003 - Acquire Infrastructure: Virtual Private Server)  **Options:** A) G0007 - APT28 B) G0001 - Axiom C) C0032 - TEMP.Veles D) G0035 - Dragonfly  **Important:** The last line of your answer should contain only the single letter corresponding to the best option, with no additional text. 	B	C
https://cwe.mitre.org/data/definitions/586.html	What is a potential consequence of calling the finalize() method explicitly in Java, as described in CWE-586?	Improved performance	Security vulnerability	Unexpected application state	Enhanced memory management	You are given a multiple-choice question (MCQ) from a Cyber Threat Intelligence (CTI) knowledge benchmark dataset. Your task is to choose the best option among the four provided. Return your answer as a single uppercase letter: A, B, C, or D.  **Question:** What is a potential consequence of calling the finalize() method explicitly in Java, as described in CWE-586?  **Options:** A) Improved performance B) Security vulnerability C) Unexpected application state D) Enhanced memory management  **Important:** The last line of your answer should contain only the single letter corresponding to the best option, with no additional text. 	C	C
https://attack.mitre.org/techniques/T1554/	Which of the following groups has modified legitimate binaries and scripts for Pulse Secure VPNs to achieve persistent access?	A. APT3	B. APT5	C. APT10	D. APT28	You are given a multiple-choice question (MCQ) from a Cyber Threat Intelligence (CTI) knowledge benchmark dataset. Your task is to choose the best option among the four provided. Return your answer as a single uppercase letter: A, B, C, or D.  **Question:** Which of the following groups has modified legitimate binaries and scripts for Pulse Secure VPNs to achieve persistent access?  **Options:** A) A. APT3 B) B. APT5 C) C. APT10 D) D. APT28  **Important:** The last line of your answer should contain only the single letter corresponding to the best option, with no additional text. 	B	D
https://attack.mitre.org/techniques/T1218/002/	Which mitigation strategy suggested for T1218.002 involves blocking potentially malicious .cpl files?	Execution Prevention (M1038)	Restrict File and Directory Permissions (M1022)	Software Restriction Policies (M1040)	Disable Autoruns (M1030)	You are given a multiple-choice question (MCQ) from a Cyber Threat Intelligence (CTI) knowledge benchmark dataset. Your task is to choose the best option among the four provided. Return your answer as a single uppercase letter: A, B, C, or D.  **Question:** Which mitigation strategy suggested for T1218.002 involves blocking potentially malicious .cpl files?  **Options:** A) Execution Prevention (M1038) B) Restrict File and Directory Permissions (M1022) C) Software Restriction Policies (M1040) D) Disable Autoruns (M1030)  **Important:** The last line of your answer should contain only the single letter corresponding to the best option, with no additional text. 	A	B
https://cwe.mitre.org/data/definitions/404.html	Which phase includes the mitigation strategy of ensuring all resources allocated are freed consistently, especially in error conditions?	Design	Implementation	Testing	Deployment	You are given a multiple-choice question (MCQ) from a Cyber Threat Intelligence (CTI) knowledge benchmark dataset. Your task is to choose the best option among the four provided. Return your answer as a single uppercase letter: A, B, C, or D.  **Question:** Which phase includes the mitigation strategy of ensuring all resources allocated are freed consistently, especially in error conditions?  **Options:** A) Design B) Implementation C) Testing D) Deployment  **Important:** The last line of your answer should contain only the single letter corresponding to the best option, with no additional text. 	B	B
https://attack.mitre.org/techniques/T1007/	During detection, which of the following API calls should be monitored for System Service Discovery (T1007)?	A. CreateFile	B. QueryServiceStatusEx	C. RegQueryValueEx	D. VirtualAlloc	You are given a multiple-choice question (MCQ) from a Cyber Threat Intelligence (CTI) knowledge benchmark dataset. Your task is to choose the best option among the four provided. Return your answer as a single uppercase letter: A, B, C, or D.  **Question:** During detection, which of the following API calls should be monitored for System Service Discovery (T1007)?  **Options:** A) A. CreateFile B) B. QueryServiceStatusEx C) C. RegQueryValueEx D) D. VirtualAlloc  **Important:** The last line of your answer should contain only the single letter corresponding to the best option, with no additional text. 	B	B
https://attack.mitre.org/techniques/T1641/001/	Which malware has been known to manipulate clipboard data to replace cryptocurrency addresses as per MITRE ATT&CK technique T1641.001?	S1094 - BRATA	S1062 - S.O.V.A.	S1059 - BankBot	S1061 - Joker	You are given a multiple-choice question (MCQ) from a Cyber Threat Intelligence (CTI) knowledge benchmark dataset. Your task is to choose the best option among the four provided. Return your answer as a single uppercase letter: A, B, C, or D.  **Question:** Which malware has been known to manipulate clipboard data to replace cryptocurrency addresses as per MITRE ATT&CK technique T1641.001?  **Options:** A) S1094 - BRATA B) S1062 - S.O.V.A. C) S1059 - BankBot D) S1061 - Joker  **Important:** The last line of your answer should contain only the single letter corresponding to the best option, with no additional text. 	B	D
https://attack.mitre.org/techniques/T1586/002/	Which group has been reported to compromise email accounts to take control of dormant accounts according to MITRE ATT&CK technique T1586.002?	APT28	IndigoZebra	APT29	Magic Hound	You are given a multiple-choice question (MCQ) from a Cyber Threat Intelligence (CTI) knowledge benchmark dataset. Your task is to choose the best option among the four provided. Return your answer as a single uppercase letter: A, B, C, or D.  **Question:** Which group has been reported to compromise email accounts to take control of dormant accounts according to MITRE ATT&CK technique T1586.002?  **Options:** A) APT28 B) IndigoZebra C) APT29 D) Magic Hound  **Important:** The last line of your answer should contain only the single letter corresponding to the best option, with no additional text. 	C	C
https://attack.mitre.org/techniques/T1033/	Which adversary group used the whoami command and WMIEXEC utility to identify usernames on remote machines according to T1033?	Dragonfly	APT41	Magic Hound	Lazarus Group	You are given a multiple-choice question (MCQ) from a Cyber Threat Intelligence (CTI) knowledge benchmark dataset. Your task is to choose the best option among the four provided. Return your answer as a single uppercase letter: A, B, C, or D.  **Question:** Which adversary group used the whoami command and WMIEXEC utility to identify usernames on remote machines according to T1033?  **Options:** A) Dragonfly B) APT41 C) Magic Hound D) Lazarus Group  **Important:** The last line of your answer should contain only the single letter corresponding to the best option, with no additional text. 	B	D
https://attack.mitre.org/techniques/T1030/	Which attack pattern under T1030 exfiltrates data in compressed chunks if a message is larger than 4096 bytes?	Mythic	Cobalt Strike	Carbanak	ObliqueRAT	You are given a multiple-choice question (MCQ) from a Cyber Threat Intelligence (CTI) knowledge benchmark dataset. Your task is to choose the best option among the four provided. Return your answer as a single uppercase letter: A, B, C, or D.  **Question:** Which attack pattern under T1030 exfiltrates data in compressed chunks if a message is larger than 4096 bytes?  **Options:** A) Mythic B) Cobalt Strike C) Carbanak D) ObliqueRAT  **Important:** The last line of your answer should contain only the single letter corresponding to the best option, with no additional text. 	C	D
https://attack.mitre.org/techniques/T1546/001/	What specific technique does SILENTTRINITY utilize as part of its UAC bypass process according to T1546.001 for the MITRE ATT&CK Enterprise platform?	Image Hijack of an .msc file extension	Service File Permissions Weakness	Change Default File Association with .txt file	Change of .exe to .bat file association	You are given a multiple-choice question (MCQ) from a Cyber Threat Intelligence (CTI) knowledge benchmark dataset. Your task is to choose the best option among the four provided. Return your answer as a single uppercase letter: A, B, C, or D.  **Question:** What specific technique does SILENTTRINITY utilize as part of its UAC bypass process according to T1546.001 for the MITRE ATT&CK Enterprise platform?  **Options:** A) Image Hijack of an .msc file extension B) Service File Permissions Weakness C) Change Default File Association with .txt file D) Change of .exe to .bat file association  **Important:** The last line of your answer should contain only the single letter corresponding to the best option, with no additional text. 	A	A
https://attack.mitre.org/techniques/T1133/	Which mitigation strategy involves using strong two-factor or multi-factor authentication for remote service accounts? (Technique ID: T1133, External Remote Services, Enterprise)	Network Segmentation	Disable or Remove Feature or Program	Multi-factor Authentication	Limit Access to Resource Over Network	You are given a multiple-choice question (MCQ) from a Cyber Threat Intelligence (CTI) knowledge benchmark dataset. Your task is to choose the best option among the four provided. Return your answer as a single uppercase letter: A, B, C, or D.  **Question:** Which mitigation strategy involves using strong two-factor or multi-factor authentication for remote service accounts? (Technique ID: T1133, External Remote Services, Enterprise)  **Options:** A) Network Segmentation B) Disable or Remove Feature or Program C) Multi-factor Authentication D) Limit Access to Resource Over Network  **Important:** The last line of your answer should contain only the single letter corresponding to the best option, with no additional text. 	C	C
https://cwe.mitre.org/data/definitions/156.html	In the context of CWE-156, what is the primary technical impact of not properly neutralizing whitespace elements?	Data Breach	Privilege Escalation	Unexpected State	Denial of Service	You are given a multiple-choice question (MCQ) from a Cyber Threat Intelligence (CTI) knowledge benchmark dataset. Your task is to choose the best option among the four provided. Return your answer as a single uppercase letter: A, B, C, or D.  **Question:** In the context of CWE-156, what is the primary technical impact of not properly neutralizing whitespace elements?  **Options:** A) Data Breach B) Privilege Escalation C) Unexpected State D) Denial of Service  **Important:** The last line of your answer should contain only the single letter corresponding to the best option, with no additional text. 	C	D
http://capec.mitre.org/data/definitions/90.html	What is the main consequence of a successful reflection attack?	Description of attacks' mechanics.	Gaining illegitimate access to the system.	Client-server protocol optimization.	Disabling encryption on the server.	You are given a multiple-choice question (MCQ) from a Cyber Threat Intelligence (CTI) knowledge benchmark dataset. Your task is to choose the best option among the four provided. Return your answer as a single uppercase letter: A, B, C, or D.  **Question:** What is the main consequence of a successful reflection attack?  **Options:** A) Description of attacks' mechanics. B) Gaining illegitimate access to the system. C) Client-server protocol optimization. D) Disabling encryption on the server.  **Important:** The last line of your answer should contain only the single letter corresponding to the best option, with no additional text. 	B	C
https://attack.mitre.org/techniques/T1616/	Which malware is capable of making phone calls and displaying a fake call screen?	Monokle	Anubis	Fakecalls	BusyGasper	You are given a multiple-choice question (MCQ) from a Cyber Threat Intelligence (CTI) knowledge benchmark dataset. Your task is to choose the best option among the four provided. Return your answer as a single uppercase letter: A, B, C, or D.  **Question:** Which malware is capable of making phone calls and displaying a fake call screen?  **Options:** A) Monokle B) Anubis C) Fakecalls D) BusyGasper  **Important:** The last line of your answer should contain only the single letter corresponding to the best option, with no additional text. 	C	A
https://attack.mitre.org/techniques/T1430/	Which Android permission allows an application to access the device's location even when running in the background from Android 10 onwards?	ACCESS_FINE_LOCATION	ACCESS_BACKGROUND_LOCATION	ACCESS_COARSE_LOCATION	ACCESS_BAIDU_LOCATION	You are given a multiple-choice question (MCQ) from a Cyber Threat Intelligence (CTI) knowledge benchmark dataset. Your task is to choose the best option among the four provided. Return your answer as a single uppercase letter: A, B, C, or D.  **Question:** Which Android permission allows an application to access the device's location even when running in the background from Android 10 onwards?  **Options:** A) ACCESS_FINE_LOCATION B) ACCESS_BACKGROUND_LOCATION C) ACCESS_COARSE_LOCATION D) ACCESS_BAIDU_LOCATION  **Important:** The last line of your answer should contain only the single letter corresponding to the best option, with no additional text. 	B	B
https://attack.mitre.org/techniques/T1428/	Per the MITRE ATT&CK description for T1428, what mitigation can limit internal enterprise resource access via VPN to only approved applications?	Network Segmentation (M1030)	User Training (M1016)	Enterprise Policy (M1012)	Privileged Account Management (M1026)	You are given a multiple-choice question (MCQ) from a Cyber Threat Intelligence (CTI) knowledge benchmark dataset. Your task is to choose the best option among the four provided. Return your answer as a single uppercase letter: A, B, C, or D.  **Question:** Per the MITRE ATT&CK description for T1428, what mitigation can limit internal enterprise resource access via VPN to only approved applications?  **Options:** A) Network Segmentation (M1030) B) User Training (M1016) C) Enterprise Policy (M1012) D) Privileged Account Management (M1026)  **Important:** The last line of your answer should contain only the single letter corresponding to the best option, with no additional text. 	C	B
https://attack.mitre.org/techniques/T1595/	In the context of MITRE ATT&CK Enterprise, which of the following is the primary purpose of Active Scanning (T1595)?	To establish command and control channels on the victim's network.	To gather information directly from victim's infrastructure via network traffic.	To deploy malware on the victim's machines.	To perform social engineering attacks on victim personnel.	You are given a multiple-choice question (MCQ) from a Cyber Threat Intelligence (CTI) knowledge benchmark dataset. Your task is to choose the best option among the four provided. Return your answer as a single uppercase letter: A, B, C, or D.  **Question:** In the context of MITRE ATT&CK Enterprise, which of the following is the primary purpose of Active Scanning (T1595)?  **Options:** A) To establish command and control channels on the victim's network. B) To gather information directly from victim's infrastructure via network traffic. C) To deploy malware on the victim's machines. D) To perform social engineering attacks on victim personnel.  **Important:** The last line of your answer should contain only the single letter corresponding to the best option, with no additional text. 	B	C
https://cwe.mitre.org/data/definitions/393.html	What is the primary technical impact due to CWE-393?	Information Disclosure	Unexpected System Reboot	Unexpected State	Unauthorized Data Modification	You are given a multiple-choice question (MCQ) from a Cyber Threat Intelligence (CTI) knowledge benchmark dataset. Your task is to choose the best option among the four provided. Return your answer as a single uppercase letter: A, B, C, or D.  **Question:** What is the primary technical impact due to CWE-393?  **Options:** A) Information Disclosure B) Unexpected System Reboot C) Unexpected State D) Unauthorized Data Modification  **Important:** The last line of your answer should contain only the single letter corresponding to the best option, with no additional text. 	C	B
https://attack.mitre.org/techniques/T1059/009/	Which of the following is a recommended mitigation (M1038) to prevent abuse of cloud APIs through PowerShell CmdLets according to MITRE ATT&CK technique T1059.009 (Command and Scripting Interpreter: Cloud API)?	Disabling command line access	Using application control	Implementing Least Privilege	Using Multi-Factor Authentication	You are given a multiple-choice question (MCQ) from a Cyber Threat Intelligence (CTI) knowledge benchmark dataset. Your task is to choose the best option among the four provided. Return your answer as a single uppercase letter: A, B, C, or D.  **Question:** Which of the following is a recommended mitigation (M1038) to prevent abuse of cloud APIs through PowerShell CmdLets according to MITRE ATT&CK technique T1059.009 (Command and Scripting Interpreter: Cloud API)?  **Options:** A) Disabling command line access B) Using application control C) Implementing Least Privilege D) Using Multi-Factor Authentication  **Important:** The last line of your answer should contain only the single letter corresponding to the best option, with no additional text. 	B	D
https://attack.mitre.org/techniques/T1037/004/	Which group has been known to add an entry to the rc.common file for persistence? (ID: T1037.004)	APT29	Green Lambert	iKitten	Cyclops Blink	You are given a multiple-choice question (MCQ) from a Cyber Threat Intelligence (CTI) knowledge benchmark dataset. Your task is to choose the best option among the four provided. Return your answer as a single uppercase letter: A, B, C, or D.  **Question:** Which group has been known to add an entry to the rc.common file for persistence? (ID: T1037.004)  **Options:** A) APT29 B) Green Lambert C) iKitten D) Cyclops Blink  **Important:** The last line of your answer should contain only the single letter corresponding to the best option, with no additional text. 	C	A
https://cwe.mitre.org/data/definitions/47.html	What is a potential consequence of CWE-47 related to path input in the form of leading space without appropriate validation?	Unauthorized read of files	Execution of arbitrary code	Privilege escalation	Denial of service	You are given a multiple-choice question (MCQ) from a Cyber Threat Intelligence (CTI) knowledge benchmark dataset. Your task is to choose the best option among the four provided. Return your answer as a single uppercase letter: A, B, C, or D.  **Question:** What is a potential consequence of CWE-47 related to path input in the form of leading space without appropriate validation?  **Options:** A) Unauthorized read of files B) Execution of arbitrary code C) Privilege escalation D) Denial of service  **Important:** The last line of your answer should contain only the single letter corresponding to the best option, with no additional text. 	A	D
https://attack.mitre.org/techniques/T1048/001/	Which detection technique involves monitoring for newly constructed network connections sent or received by untrusted hosts?	DS0017 - Command Execution	DS0022 - File Access	DS0029 - Network Traffic: Network Connection Creation	Data Component: Network Traffic Content	You are given a multiple-choice question (MCQ) from a Cyber Threat Intelligence (CTI) knowledge benchmark dataset. Your task is to choose the best option among the four provided. Return your answer as a single uppercase letter: A, B, C, or D.  **Question:** Which detection technique involves monitoring for newly constructed network connections sent or received by untrusted hosts?  **Options:** A) DS0017 - Command Execution B) DS0022 - File Access C) DS0029 - Network Traffic: Network Connection Creation D) Data Component: Network Traffic Content  **Important:** The last line of your answer should contain only the single letter corresponding to the best option, with no additional text. 	C	B
https://cwe.mitre.org/data/definitions/778.html	Which architectural phase mitigation is recommended for CWE-778?	Use a centralized logging mechanism that supports multiple levels of detail.	Use encryption to protect the log data.	Implement data validation routines.	Deploy regular security patches.	You are given a multiple-choice question (MCQ) from a Cyber Threat Intelligence (CTI) knowledge benchmark dataset. Your task is to choose the best option among the four provided. Return your answer as a single uppercase letter: A, B, C, or D.  **Question:** Which architectural phase mitigation is recommended for CWE-778?  **Options:** A) Use a centralized logging mechanism that supports multiple levels of detail. B) Use encryption to protect the log data. C) Implement data validation routines. D) Deploy regular security patches.  **Important:** The last line of your answer should contain only the single letter corresponding to the best option, with no additional text. 	A	C
https://attack.mitre.org/techniques/T1037/004/	What mitigation strategy is recommended to prevent unauthorized editing of the rc.common file? (ID: M1022)	Employ system cryptographic signatures	Restrict the use of administrative tools	Restrict File and Directory Permissions	Utilize network segmentation	You are given a multiple-choice question (MCQ) from a Cyber Threat Intelligence (CTI) knowledge benchmark dataset. Your task is to choose the best option among the four provided. Return your answer as a single uppercase letter: A, B, C, or D.  **Question:** What mitigation strategy is recommended to prevent unauthorized editing of the rc.common file? (ID: M1022)  **Options:** A) Employ system cryptographic signatures B) Restrict the use of administrative tools C) Restrict File and Directory Permissions D) Utilize network segmentation  **Important:** The last line of your answer should contain only the single letter corresponding to the best option, with no additional text. 	C	B
https://attack.mitre.org/techniques/T1430/002/	In the context of MITRE ATT&CK for Mobile, what primary method do adversaries use when exploiting Technique T1430.002: Location Tracking: Impersonate SS7 Nodes?	By modifying the firmware of the mobile device	By sending phishing messages to the victim	By exploiting the lack of authentication in signaling system network nodes	By installing malware on the victim's device	You are given a multiple-choice question (MCQ) from a Cyber Threat Intelligence (CTI) knowledge benchmark dataset. Your task is to choose the best option among the four provided. Return your answer as a single uppercase letter: A, B, C, or D.  **Question:** In the context of MITRE ATT&CK for Mobile, what primary method do adversaries use when exploiting Technique T1430.002: Location Tracking: Impersonate SS7 Nodes?  **Options:** A) By modifying the firmware of the mobile device B) By sending phishing messages to the victim C) By exploiting the lack of authentication in signaling system network nodes D) By installing malware on the victim's device  **Important:** The last line of your answer should contain only the single letter corresponding to the best option, with no additional text. 	C	D
https://cwe.mitre.org/data/definitions/1293.html	In the context of CWE-1293, what is the main consequence of relying on a single source of data?	Technical Impact: Exfiltrate Data	Technical Impact: Tamper with Data	Technical Impact: Read and Modify Data	Technical Impact: Denial of Service	You are given a multiple-choice question (MCQ) from a Cyber Threat Intelligence (CTI) knowledge benchmark dataset. Your task is to choose the best option among the four provided. Return your answer as a single uppercase letter: A, B, C, or D.  **Question:** In the context of CWE-1293, what is the main consequence of relying on a single source of data?  **Options:** A) Technical Impact: Exfiltrate Data B) Technical Impact: Tamper with Data C) Technical Impact: Read and Modify Data D) Technical Impact: Denial of Service  **Important:** The last line of your answer should contain only the single letter corresponding to the best option, with no additional text. 	C	B
http://capec.mitre.org/data/definitions/644.html	What is a primary prerequisite for a successful CAPEC-644 attack?	The adversary possesses a zero-day exploit.	The target system uses strict access controls.	The system/application uses multi-factor authentication.	The system/application leverages Lan Man or NT Lan Man authentication protocols.	You are given a multiple-choice question (MCQ) from a Cyber Threat Intelligence (CTI) knowledge benchmark dataset. Your task is to choose the best option among the four provided. Return your answer as a single uppercase letter: A, B, C, or D.  **Question:** What is a primary prerequisite for a successful CAPEC-644 attack?  **Options:** A) The adversary possesses a zero-day exploit. B) The target system uses strict access controls. C) The system/application uses multi-factor authentication. D) The system/application leverages Lan Man or NT Lan Man authentication protocols.  **Important:** The last line of your answer should contain only the single letter corresponding to the best option, with no additional text. 	D	A
https://attack.mitre.org/techniques/T1087/002/	Which PowerShell cmdlet mentioned in T1087.002 can be used to enumerate members of Active Directory groups?	Get-NetDomainMember	Get-ADComputer	Get-ADUser	Get-ADGroupMember	You are given a multiple-choice question (MCQ) from a Cyber Threat Intelligence (CTI) knowledge benchmark dataset. Your task is to choose the best option among the four provided. Return your answer as a single uppercase letter: A, B, C, or D.  **Question:** Which PowerShell cmdlet mentioned in T1087.002 can be used to enumerate members of Active Directory groups?  **Options:** A) Get-NetDomainMember B) Get-ADComputer C) Get-ADUser D) Get-ADGroupMember  **Important:** The last line of your answer should contain only the single letter corresponding to the best option, with no additional text. 	D	B
http://capec.mitre.org/data/definitions/560.html	Which mitigation technique is NOT recommended to protect against CAPEC-560 attacks?	Leverage multi-factor authentication.	Implement an intelligent password throttling mechanism.	Reuse local administrator account credentials across systems.	Create a strong password policy and enforce it.	You are given a multiple-choice question (MCQ) from a Cyber Threat Intelligence (CTI) knowledge benchmark dataset. Your task is to choose the best option among the four provided. Return your answer as a single uppercase letter: A, B, C, or D.  **Question:** Which mitigation technique is NOT recommended to protect against CAPEC-560 attacks?  **Options:** A) Leverage multi-factor authentication. B) Implement an intelligent password throttling mechanism. C) Reuse local administrator account credentials across systems. D) Create a strong password policy and enforce it.  **Important:** The last line of your answer should contain only the single letter corresponding to the best option, with no additional text. 	C	C
https://cwe.mitre.org/data/definitions/161.html	What is the main consequence of the CWE-161 weakness?	Denial of Service	Unexpected State	Privilege Escalation	Code Execution	You are given a multiple-choice question (MCQ) from a Cyber Threat Intelligence (CTI) knowledge benchmark dataset. Your task is to choose the best option among the four provided. Return your answer as a single uppercase letter: A, B, C, or D.  **Question:** What is the main consequence of the CWE-161 weakness?  **Options:** A) Denial of Service B) Unexpected State C) Privilege Escalation D) Code Execution  **Important:** The last line of your answer should contain only the single letter corresponding to the best option, with no additional text. 	B	A
https://cwe.mitre.org/data/definitions/512.html	In which phase is it recommended to use spyware detection and removal software to mitigate CWE-512 vulnerabilities?	Design	Implementation	Operation	Testing	You are given a multiple-choice question (MCQ) from a Cyber Threat Intelligence (CTI) knowledge benchmark dataset. Your task is to choose the best option among the four provided. Return your answer as a single uppercase letter: A, B, C, or D.  **Question:** In which phase is it recommended to use spyware detection and removal software to mitigate CWE-512 vulnerabilities?  **Options:** A) Design B) Implementation C) Operation D) Testing  **Important:** The last line of your answer should contain only the single letter corresponding to the best option, with no additional text. 	C	B
https://attack.mitre.org/techniques/T1001/	In the context of MITRE ATT&CK and ID T1001, which of the following is a method used by adversaries to obfuscate command and control traffic?	Using Tor for encrypted communication	Adding junk data to protocol traffic	Utilizing multi-factor authentication	Deploying sandboxing solutions	You are given a multiple-choice question (MCQ) from a Cyber Threat Intelligence (CTI) knowledge benchmark dataset. Your task is to choose the best option among the four provided. Return your answer as a single uppercase letter: A, B, C, or D.  **Question:** In the context of MITRE ATT&CK and ID T1001, which of the following is a method used by adversaries to obfuscate command and control traffic?  **Options:** A) Using Tor for encrypted communication B) Adding junk data to protocol traffic C) Utilizing multi-factor authentication D) Deploying sandboxing solutions  **Important:** The last line of your answer should contain only the single letter corresponding to the best option, with no additional text. 	B	C
https://attack.mitre.org/techniques/T1614/001/	Which malware attempts to identify Japanese keyboards via the Windows API call GetKeyboardType?	Clop	DropBook	Neoichor	Misdat	You are given a multiple-choice question (MCQ) from a Cyber Threat Intelligence (CTI) knowledge benchmark dataset. Your task is to choose the best option among the four provided. Return your answer as a single uppercase letter: A, B, C, or D.  **Question:** Which malware attempts to identify Japanese keyboards via the Windows API call GetKeyboardType?  **Options:** A) Clop B) DropBook C) Neoichor D) Misdat  **Important:** The last line of your answer should contain only the single letter corresponding to the best option, with no additional text. 	D	C
https://attack.mitre.org/techniques/T0881	Which adversary tool is known to terminate specified processes and rename them to prevent restart, as part of the MITRE ATT&CK technique T0881?	EKANS	REvil	KillDisk	Industroyer2	You are given a multiple-choice question (MCQ) from a Cyber Threat Intelligence (CTI) knowledge benchmark dataset. Your task is to choose the best option among the four provided. Return your answer as a single uppercase letter: A, B, C, or D.  **Question:** Which adversary tool is known to terminate specified processes and rename them to prevent restart, as part of the MITRE ATT&CK technique T0881?  **Options:** A) EKANS B) REvil C) KillDisk D) Industroyer2  **Important:** The last line of your answer should contain only the single letter corresponding to the best option, with no additional text. 	D	A
https://attack.mitre.org/techniques/T1560/002/	Which group, as per MITRE ATT&CK technique T1560.002, has used RAR to compress, encrypt, and password-protect files before exfiltration? (Enterprise)	Threat Group-3390	Cobalt Group	Lazarus Group	Mustang Panda	You are given a multiple-choice question (MCQ) from a Cyber Threat Intelligence (CTI) knowledge benchmark dataset. Your task is to choose the best option among the four provided. Return your answer as a single uppercase letter: A, B, C, or D.  **Question:** Which group, as per MITRE ATT&CK technique T1560.002, has used RAR to compress, encrypt, and password-protect files before exfiltration? (Enterprise)  **Options:** A) Threat Group-3390 B) Cobalt Group C) Lazarus Group D) Mustang Panda  **Important:** The last line of your answer should contain only the single letter corresponding to the best option, with no additional text. 	A	D
https://attack.mitre.org/techniques/T1617/	Which mitigation strategy is recommended for detecting devices compromised through T1617 Hooking?	M1005 Use TLS/SSL for network communication	M1013 Evasion Detection Analysis	M1002 Attestation	M1011 Thread Analysis	You are given a multiple-choice question (MCQ) from a Cyber Threat Intelligence (CTI) knowledge benchmark dataset. Your task is to choose the best option among the four provided. Return your answer as a single uppercase letter: A, B, C, or D.  **Question:** Which mitigation strategy is recommended for detecting devices compromised through T1617 Hooking?  **Options:** A) M1005 Use TLS/SSL for network communication B) M1013 Evasion Detection Analysis C) M1002 Attestation D) M1011 Thread Analysis  **Important:** The last line of your answer should contain only the single letter corresponding to the best option, with no additional text. 	C	D
https://attack.mitre.org/techniques/T1071/001/	What is an example of a mitigation strategy to defend against T1071.001?	OS Level Rights Management	Network Intrusion Prevention	System Memory Scanning	Code Signing Verification	You are given a multiple-choice question (MCQ) from a Cyber Threat Intelligence (CTI) knowledge benchmark dataset. Your task is to choose the best option among the four provided. Return your answer as a single uppercase letter: A, B, C, or D.  **Question:** What is an example of a mitigation strategy to defend against T1071.001?  **Options:** A) OS Level Rights Management B) Network Intrusion Prevention C) System Memory Scanning D) Code Signing Verification  **Important:** The last line of your answer should contain only the single letter corresponding to the best option, with no additional text. 	B	A
Manual	Mr. Bob, a threat analyst, is performing analysis of competing hypotheses (ACH). He has reached to a stage where he is required to apply his analysis skills effectively to reject as many hypotheses and select the best hypotheses from the identified bunch of hypotheses, and this is done with the help of listed evidence. Then, he prepares a matrix where all the screened hypotheses are placed on the top, and the listed evidence for the hypotheses are placed at the bottom. What stage of ACH is Bob currently in?	Diagnostics	Evidence	Inconsistency	Refinement	You are given a multiple-choice question (MCQ) from a Cyber Threat Intelligence (CTI) knowledge benchmark dataset. Your task is to choose the best option among the four provided. Return your answer as a single uppercase letter: A, B, C, or D.  **Question:** Mr. Bob, a threat analyst, is performing analysis of competing hypotheses (ACH). He has reached to a stage where he is required to apply his analysis skills effectively to reject as many hypotheses and select the best hypotheses from the identified bunch of hypotheses, and this is done with the help of listed evidence. Then, he prepares a matrix where all the screened hypotheses are placed on the top, and the listed evidence for the hypotheses are placed at the bottom. What stage of ACH is Bob currently in?  **Options:** A) Diagnostics B) Evidence C) Inconsistency D) Refinement  **Important:** The last line of your answer should contain only the single letter corresponding to the best option, with no additional text. 	A	B
https://attack.mitre.org/techniques/T0836	In the Maroochy Water Breach incident, what was the consequence of the adversary altering configurations in the PDS computers?	Release of control systems code	Data exfiltration	Physical damage to devices	Spillage of 800,000 liters of raw sewage	You are given a multiple-choice question (MCQ) from a Cyber Threat Intelligence (CTI) knowledge benchmark dataset. Your task is to choose the best option among the four provided. Return your answer as a single uppercase letter: A, B, C, or D.  **Question:** In the Maroochy Water Breach incident, what was the consequence of the adversary altering configurations in the PDS computers?  **Options:** A) Release of control systems code B) Data exfiltration C) Physical damage to devices D) Spillage of 800,000 liters of raw sewage  **Important:** The last line of your answer should contain only the single letter corresponding to the best option, with no additional text. 	D	D
https://attack.mitre.org/techniques/T1087/	Which of the following mitigation strategies helps prevent enumerating administrator accounts through UAC elevation?	M1028 - Operating System Configuration	M1018 - User Account Management	M1050 - Data Masking	M1047 - Audit	You are given a multiple-choice question (MCQ) from a Cyber Threat Intelligence (CTI) knowledge benchmark dataset. Your task is to choose the best option among the four provided. Return your answer as a single uppercase letter: A, B, C, or D.  **Question:** Which of the following mitigation strategies helps prevent enumerating administrator accounts through UAC elevation?  **Options:** A) M1028 - Operating System Configuration B) M1018 - User Account Management C) M1050 - Data Masking D) M1047 - Audit  **Important:** The last line of your answer should contain only the single letter corresponding to the best option, with no additional text. 	A	D
